,text,context
0,"https://t.co/akPtUTpsDX
footage

#SidKiaraWedding #SidharthMalhotra #PathaanCollection #BollywoodKiGandagi #Bollywood #SaudiArabia","[{'domain': {'id': '10', 'name': 'Person', 'description': 'Named people in the world like Nelson Mandela'}, 'entity': {'id': '1091092508161921024', 'name': 'Sidharth Malhotra', 'description': 'Sidharth Malhotra'}}, {'domain': {'id': '46', 'name': 'Business Taxonomy', 'description': 'Categories within Brand Verticals that narrow down the scope of Brands'}, 'entity': {'id': '1557696802391859201', 'name': 'Entertainment & Leisure Business', 'description': 'Brands, companies, advertisers and every non-person handle with the profit intent related to movies, music, television, franchises, venues, theme parks, toys, tourism, hotels'}}, {'domain': {'id': '56', 'name': 'Actor', 'description': 'An actor or actress in the world, like Kate Winslet or Leonardo DiCaprio'}, 'entity': {'id': '1091092508161921024', 'name': 'Sidharth Malhotra', 'description': 'Sidharth Malhotra'}}, {'domain': {'id': '131', 'name': 'Unified Twitter Taxonomy', 'description': 'A taxonomy of user interests. '}, 'entity': {'id': '839544274442051584', 'name': 'Entertainment'}}, {'domain': {'id': '131', 'name': 'Unified Twitter Taxonomy', 'description': 'A taxonomy of user interests. '}, 'entity': {'id': '1091092508161921024', 'name': 'Sidharth Malhotra', 'description': 'Sidharth Malhotra'}}, {'domain': {'id': '131', 'name': 'Unified Twitter Taxonomy', 'description': 'A taxonomy of user interests. '}, 'entity': {'id': '1292818305992949761', 'name': 'Bollywood'}}, {'domain': {'id': '131', 'name': 'Unified Twitter Taxonomy', 'description': 'A taxonomy of user interests. '}, 'entity': {'id': '1360327768957804546', 'name': 'Indian film industry'}}]"
1,"Another Brilliant friends are getting marriedüòçüòçü•∫
Ek din humara dream bhi Pura hoga...Umeed pe to puri duniya kaym hai.
Just Pray, Trust and Wait for right time‚ù§Ô∏è‚ù§Ô∏èüòåü§û
#SuMaan #SumbuITouqeerKhan #FahmaanKhan #Arylie #SidKiaraWedding https://t.co/k6MNY70ERv","[{'domain': {'id': '65', 'name': 'Interests and Hobbies Vertical', 'description': 'Top level interests and hobbies groupings, like Food or Travel'}, 'entity': {'id': '847896364256067584', 'name': 'Society', 'description': 'Society'}}, {'domain': {'id': '66', 'name': 'Interests and Hobbies Category', 'description': 'A grouping of interests and hobbies entities, like Novelty Food or Destinations'}, 'entity': {'id': '847896538105782272', 'name': 'Marriage', 'description': 'Marriage'}}]"
2,"Mrs. Kiara advani malhotra ü•∫‚ù§ü•∫üíÉ
I want her to change the ig username also... I'm literally checking the htg every 5mins
#SidKiaraWedding #SidharthKiaraWedding #SidKiaraKiShaadi #KiaraAdvani","[{'domain': {'id': '10', 'name': 'Person', 'description': 'Named people in the world like Nelson Mandela'}, 'entity': {'id': '1275043931583967235', 'name': 'Kiara Advani'}}, {'domain': {'id': '46', 'name': 'Business Taxonomy', 'description': 'Categories within Brand Verticals that narrow down the scope of Brands'}, 'entity': {'id': '1557696802391859201', 'name': 'Entertainment & Leisure Business', 'description': 'Brands, companies, advertisers and every non-person handle with the profit intent related to movies, music, television, franchises, venues, theme parks, toys, tourism, hotels'}}, {'domain': {'id': '56', 'name': 'Actor', 'description': 'An actor or actress in the world, like Kate Winslet or Leonardo DiCaprio'}, 'entity': {'id': '1275043931583967235', 'name': 'Kiara Advani'}}, {'domain': {'id': '131', 'name': 'Unified Twitter Taxonomy', 'description': 'A taxonomy of user interests. '}, 'entity': {'id': '839544274442051584', 'name': 'Entertainment'}}, {'domain': {'id': '131', 'name': 'Unified Twitter Taxonomy', 'description': 'A taxonomy of user interests. '}, 'entity': {'id': '1095352268046495745', 'name': 'Celebrities', 'description': 'Celebrities'}}, {'domain': {'id': '131', 'name': 'Unified Twitter Taxonomy', 'description': 'A taxonomy of user interests. '}, 'entity': {'id': '1275043931583967235', 'name': 'Kiara Advani'}}, {'domain': {'id': '131', 'name': 'Unified Twitter Taxonomy', 'description': 'A taxonomy of user interests. '}, 'entity': {'id': '1292818305992949761', 'name': 'Bollywood'}}, {'domain': {'id': '131', 'name': 'Unified Twitter Taxonomy', 'description': 'A taxonomy of user interests. '}, 'entity': {'id': '1303713579829399554', 'name': 'Bollywood actors'}}, {'domain': {'id': '131', 'name': 'Unified Twitter Taxonomy', 'description': 'A taxonomy of user interests. '}, 'entity': {'id': '1360327768957804546', 'name': 'Indian film industry'}}]"
3,"sidkiara get married and post the shaadi pics by 6 pm so that I won't miss anything and will be perfect me to scream and shed tears because my college would be over by that time. Thanks 
  #SidKiaraWedding #SidKiaraKiShaadi","[{'domain': {'id': '65', 'name': 'Interests and Hobbies Vertical', 'description': 'Top level interests and hobbies groupings, like Food or Travel'}, 'entity': {'id': '847896364256067584', 'name': 'Society', 'description': 'Society'}}, {'domain': {'id': '66', 'name': 'Interests and Hobbies Category', 'description': 'A grouping of interests and hobbies entities, like Novelty Food or Destinations'}, 'entity': {'id': '847896538105782272', 'name': 'Marriage', 'description': 'Marriage'}}]"
4,"Husband Sidharth Malhotra loading üò≠‚ô•Ô∏è #SidharthMalhotra 
The most eligible bachelor in town is gonna be the most loving husband üò≠‚ù§Ô∏è #SidKiaraWedding https://t.co/kuhWbZ3cfd","[{'domain': {'id': '10', 'name': 'Person', 'description': 'Named people in the world like Nelson Mandela'}, 'entity': {'id': '1091092508161921024', 'name': 'Sidharth Malhotra', 'description': 'Sidharth Malhotra'}}, {'domain': {'id': '56', 'name': 'Actor', 'description': 'An actor or actress in the world, like Kate Winslet or Leonardo DiCaprio'}, 'entity': {'id': '1091092508161921024', 'name': 'Sidharth Malhotra', 'description': 'Sidharth Malhotra'}}, {'domain': {'id': '131', 'name': 'Unified Twitter Taxonomy', 'description': 'A taxonomy of user interests. '}, 'entity': {'id': '1091092508161921024', 'name': 'Sidharth Malhotra', 'description': 'Sidharth Malhotra'}}]"
5,"Dekha jaaye toh We #Sidians know @SidMalhotra from such a long time, Iss case mai we're more lucky than @advani_kiara bhabhi üòå #SidKiaraWedding","[{'domain': {'id': '10', 'name': 'Person', 'description': 'Named people in the world like Nelson Mandela'}, 'entity': {'id': '1091092508161921024', 'name': 'Sidharth Malhotra', 'description': 'Sidharth Malhotra'}}, {'domain': {'id': '10', 'name': 'Person', 'description': 'Named people in the world like Nelson Mandela'}, 'entity': {'id': '1275043931583967235', 'name': 'Kiara Advani'}}, {'domain': {'id': '46', 'name': 'Business Taxonomy', 'description': 'Categories within Brand Verticals that narrow down the scope of Brands'}, 'entity': {'id': '1557696802391859201', 'name': 'Entertainment & Leisure Business', 'description': 'Brands, companies, advertisers and every non-person handle with the profit intent related to movies, music, television, franchises, venues, theme parks, toys, tourism, hotels'}}, {'domain': {'id': '56', 'name': 'Actor', 'description': 'An actor or actress in the world, like Kate Winslet or Leonardo DiCaprio'}, 'entity': {'id': '1091092508161921024', 'name': 'Sidharth Malhotra', 'description': 'Sidharth Malhotra'}}, {'domain': {'id': '56', 'name': 'Actor', 'description': 'An actor or actress in the world, like Kate Winslet or Leonardo DiCaprio'}, 'entity': {'id': '1275043931583967235', 'name': 'Kiara Advani'}}, {'domain': {'id': '131', 'name': 'Unified Twitter Taxonomy', 'description': 'A taxonomy of user interests. '}, 'entity': {'id': '839544274442051584', 'name': 'Entertainment'}}, {'domain': {'id': '131', 'name': 'Unified Twitter Taxonomy', 'description': 'A taxonomy of user interests. '}, 'entity': {'id': '1091092508161921024', 'name': 'Sidharth Malhotra', 'description': 'Sidharth Malhotra'}}, {'domain': {'id': '131', 'name': 'Unified Twitter Taxonomy', 'description': 'A taxonomy of user interests. '}, 'entity': {'id': '1095352268046495745', 'name': 'Celebrities', 'description': 'Celebrities'}}, {'domain': {'id': '131', 'name': 'Unified Twitter Taxonomy', 'description': 'A taxonomy of user interests. '}, 'entity': {'id': '1275043931583967235', 'name': 'Kiara Advani'}}, {'domain': {'id': '131', 'name': 'Unified Twitter Taxonomy', 'description': 'A taxonomy of user interests. '}, 'entity': {'id': '1292818305992949761', 'name': 'Bollywood'}}, {'domain': {'id': '131', 'name': 'Unified Twitter Taxonomy', 'description': 'A taxonomy of user interests. '}, 'entity': {'id': '1303713579829399554', 'name': 'Bollywood actors'}}, {'domain': {'id': '131', 'name': 'Unified Twitter Taxonomy', 'description': 'A taxonomy of user interests. '}, 'entity': {'id': '1303714482015756288', 'name': 'Indian actors'}}, {'domain': {'id': '131', 'name': 'Unified Twitter Taxonomy', 'description': 'A taxonomy of user interests. '}, 'entity': {'id': '1360327768957804546', 'name': 'Indian film industry'}}, {'domain': {'id': '131', 'name': 'Unified Twitter Taxonomy', 'description': 'A taxonomy of user interests. '}, 'entity': {'id': '1360328997893066753', 'name': 'Tamil cinema'}}, {'domain': {'id': '131', 'name': 'Unified Twitter Taxonomy', 'description': 'A taxonomy of user interests. '}, 'entity': {'id': '1360334490913046528', 'name': 'Tamil cinema actors'}}]"
